   ID,RANDOM_NUMBER,RANDOM_CHAR                                                                                         ,RANDOM_DATE
    1,         5147,jglabbgnkfjedtrisdhkgjstxlnzmldcpawgzxiqnkqficzgujbnbkhhsza                                         ,28-FEB-23
    2,         5108,pagglcqzzfnxqpmszrvpnnwljhzwvmhyquqbizczmihr                                                        ,12-SEP-22
    3,         5666,hznoncjvzhgchpyxpadz                                                                                ,22-JUL-23
    4,         2687,rlacgpbztivnjxwcxyatjyxzpmlgqrbutzpvcdjoidumembvoaxixmngxmj                                         ,29-JUN-23
    5,         3521,tmiljmbfrgbufnkzvd                                                                                  ,30-JAN-23
    6,         8974,ndpbrlzsjfcaqodzgrsbqucwhlikkvykkrvdtkbwhirwqxftcrwthlmvpylbgxd                                     ,17-MAY-23
    7,         9620,ekyevnakxgsiqkdferhkgaphfaheqegwgpbahdbuazucfsdqtnijumfkkgjlrhgevuixnezfqbnmttxznqnkrlgqvkmyk       ,27-NOV-22
    8,         4230,tcatxdvkowvngcjyxwwitnvreuwxmybkenfqwsjcnixxoqothihdvunyxwrkcwuskaecvtakftghdkkmdebhtpi             ,01-SEP-22
    9,         1689,bypevxjcajjpdncnlyeykabssvmcuvxfblxwhpwgrmanzfsmgxntclptucgqshhbvgmlcyuclemkgtfytzwxhmyw            ,11-FEB-23
   10,         6398,awdhmtmycdmprczdjfusncdnzugxikzlybcperlmkfuqvzzgmhrjpha                                             ,01-AUG-23
   11,         8644,fuemkafoewtkqtkojjbculbxhxrakplhjidvnptynpkq                                                        ,03-AUG-23
   12,         7017,atrkvkshmswmuqrwnfxgeiemwymtuhxyapbvvhtucfqpdgqmtmquiajxrddpsqgnhyiqxkqqkovhpuzpldncih              ,11-JUN-23
   13,         6122,floxzhkdzgbqgceamcxvindhqrbxcfbduevkyanncjgbbumqpzdpjvawdpubnlgtlwbfdsooldwk                        ,20-NOV-22
   14,         5164,grfmlabzxupmlmuhnfhgfmbfaczzqlycuvhnonfrfmnqqmwcqkcqtqchufmcmzcrqxzzaaytruwvyxhrncpkcakoaup         ,10-AUG-22
   15,         6970,ivjmqqmuviezlsokzhhcmoamgqrpznihpbgnm                                                               ,15-JAN-23
   16,         1550,zsbbcqkjwiwconuombb                                                                                 ,21-MAR-23
   17,         8174,ckjlmydgmyzjepelvcyorobcwbcidqgunjdoagwxiwrbrtzqrlpsefxymlupokaaidxevbieyqpiiasnmrb                 ,25-NOV-22
   18,         1320,szvydoqxxqzofmvhupbebmfql                                                                           ,27-JUL-23
   19,         6837,xjosadcatlygvyevvdincovcuaueyytbyfpyubpzytopnfzwpndonzyrkjxybvcrqoepauutwxcqtvykoysm                ,02-JUL-23
   20,         3800,iomwwxrrphtenatpmkgehuwcyipkznvafbblxllieqhetpowzfwtrovhxchvlmrujvqllfyqbni                         ,24-AUG-22
   21,         4434,yxnmercqhcdjgjycdnmxpfumnatfubztelolmnczxnexukibe                                                   ,25-FEB-23
   22,         1457,heylygrysbjmnsvtwbbaarukqdorpedbfxfdrfkfpmllfaqrmkcffgixhmdnlvayzopfyfylonmgrlbcnqxvkmynkiqda       ,05-JAN-23
   23,         6211,bardgpcaxolxrkzvcaiwhzmjxgjzqcapnekxaeckfjsbxyimjzzijpyzhadwr                                       ,18-SEP-22
   24,         8915,swvrpcghkbyexuwhgiharzouenurhswyfotmaoutbxmhkvgnj                                                   ,06-JAN-23
   25,         3756,cfgxjqjwucfpprqxjqbhguhcuvioyrajxcvoedivr                                                           ,05-AUG-23
   26,         6470,pdfulhupfelwaomhhkgsfbetvzsbqkxvymwgdcedwmgyriwmnonwbokkdyvcsrlerid                                 ,26-SEP-22
   27,          903,kewmqwjafjngxryhgbkrivtphnukbiyhqkbdtkoptqettrzrfbzlzkgssqwseihwtpk                                 ,05-APR-23
   28,         1468,xaspkcmthnpuwasfzjayvyswmmgokvexrxqkoleofiktsxnhfungpukkn                                           ,22-JUL-23
   29,         7296,xrqzkgfkmwtfrlrovgeshuuzqphewufldunqppdfugmxffvkaocusyuogxehblwprhvgbuupmqpmzpkrdjy                 ,16-MAR-23
   30,         1434,akssyqazulo                                                                                         ,07-DEC-22
   31,         2128,apanfrgsoefkhdxulwzjzuwcupbbzstze                                                                   ,12-JAN-23
   32,         5571,bfihffuzvvkmvuvocaiuecpekastqltijfbqbujvp                                                           ,18-NOV-22
   33,         8112,jwpctctjnunmfaavqoiebldxpejshxjozehdcmcdfhvpfbmsjraqtrnzbyuazdxn                                    ,22-JUL-23
   34,         2136,imczwvdtgnpqywkjaownbdcecpzreclxsdlpevuxggdxxjeboakocxulcbqayprzq                                   ,13-AUG-22
   35,         6078,rehgvalymgfrqjfgzfiue                                                                               ,28-AUG-22
   36,         2759,kmxwhibpnlikawnodacsl                                                                               ,09-JUN-23
   37,         2976,uatvbvgcqedcimoasobrfsvdglnqxwbfmqsjdhsepmmjibovoekrobbblhlzrhidvvlmugehaoboujyvpxhlycgyydivp       ,15-AUG-22
   38,         7367,iywcitdpslfilawbftkqkobtzuhjhmsinxrcdckijnukcdad                                                    ,03-JUL-23
   39,         7098,zpjehsempfwxfjwlpcgjohfamsbwxntjwvxqgbdsjyhotkfzfj                                                  ,22-DEC-22
   40,         6999,ymmhkbfgyvmbtomladyboxirk                                                                           ,17-AUG-22
   41,          134,lpblgvegyvmzyfks                                                                                    ,12-JUN-23
   42,         3395,kjygyhawinejwqhreqrhsjyly                                                                           ,12-DEC-22
   43,          286,kxmcuyyaspyutancpcdepwrlfypisgaifnycmdjogflyrfjimcpnfafqwclmfziycxwgdxrvipdgbat                     ,17-APR-23
   44,         3038,wyggybpkprcsnjcieucadurtthbziw                                                                      ,04-DEC-22
   45,         4544,mghashmygpeekxhaebxmrypfifhyyrzeianbjudbsfifpb                                                      ,19-MAY-23
   46,         4323,xuohxpuloyqzmcpprgu                                                                                 ,29-APR-23
   47,         5819,wggrhakrkcbnfppz                                                                                    ,28-MAY-23
   48,         3788,rihfqixpzimwijdmwhhgfoqlvocckedydzrsedvrpmgzugojmxw                                                 ,12-OCT-22
   49,         4056,xnxjibmbncidonnzeltngzvevilyg                                                                       ,17-MAY-23
   50,         2594,majztrejuxpvmhgs                                                                                    ,27-MAY-23
   51,         9619,defktwiiovxczdrcierjyjjjsgbwppwbkzuuiirnpphjxpre                                                    ,06-APR-23
   52,         1258,repuvkghjlfjzurximiqxtzswyanjfqoteqxvfbeuobnjhfrkxhblyhncqhfqx                                      ,02-JUN-23
   53,         1305,vhvatbcajdhafjhwipueycwvxdmdwhkjijjahtkhljldqvyywauvxzltkhdqjnksmrb                                 ,31-JAN-23
   54,         3241,dtyghoxutudgyugwdtqnrqhuayanqtmcsuhckuufooockpknmdesdkmeszuxijxmpljioac                             ,15-APR-23
   55,         3662,pbgrimbfgtezgkubatersdzylzqmf                                                                       ,24-MAY-23
   56,         1987,ujbvqtearnidwjmjcssuvhdabweohlzacfuxezcrgmvpnmhnrihacnuvffjyfebttcabiobifnjiuln                     ,30-APR-23
   57,         3678,pjytwildvjddlzpvqwajvxvrjwyhokryhdyybfgvlmsmiviaev                                                  ,21-MAY-23
   58,         5257,adygwblsdbcnbbnewrbitvdserorsreluxoazjuiiyyouzmrabnoqnifunxptqdyz                                   ,04-APR-23
   59,         5283,lhneqaxnvqkftbfi                                                                                    ,12-OCT-22
   60,         8231,pklptayhhplqghawrbkcleslopdyxeuojcdumfvmgmnudqgwvmiuigcdzpnqetvrspks                                ,14-FEB-23
   61,          727,xnxwpuzhjblsgkxsjsrlqzrdzbymqmoujkejdfj                                                             ,12-FEB-23
   62,         8475,gxoqobkgwimmmw                                                                                      ,09-MAR-23
   63,         9000,fhnbsmqckpgfltxjfpffjhuvdyaqygnpktlgnsih                                                            ,12-OCT-22
   64,         3046,medgncrrgwqdjgosrservjslzlgqjnzrolaigqsxvxrzqhdxgwacnpflqkwxprjvhrmpwgpmqvqmqwj                     ,29-OCT-22
   65,         9907,txcfdevxgvhbscpdpnotjwrroemprxrpvsw                                                                 ,04-FEB-23
   66,         1078,ptldhhpfzfzeptczyhbpu                                                                               ,07-JUN-23
   67,         9462,nbodosgfwarwbzcqxojciuxqxwhricqduahwzvkwgqbrsfpwvlrdqzd                                             ,14-JAN-23
   68,         6394,uwuwirbzsbummeektbzmmtizuybtotwcsursnhptsmrcaavkepmqfgvpvwqxkxblvmfamuelnrpnudkzooktzss             ,18-FEB-23
   69,         9888,pyfrenzxcmvzwshbdzkfojkaqkqtyluvzrmjymp                                                             ,19-APR-23
   70,          749,dgrvpntkygxbjgjvldzttbehiufwtcpolgfankvoawnecinxmygiuexmbwsjqiyjn                                   ,09-SEP-22
   71,         4527,qeklamxwksfvtlfnhnamcxkettynyoatnyjmkeeewciuixxxwzwpzlbjyizybypxqoidqksdqihluhbpsudyacdlg           ,13-DEC-22
   72,         1358,ducnrqxyhpbmhdbutczrddwbbsjwxupuevqhzfkcxccayesue                                                   ,09-SEP-22
   73,         7904,minemmjplntmkruhilwrfbsbipvfungkccyrhawksdo                                                         ,05-DEC-22
   74,         6793,ihqolkdvlvxikhzqznpsdssrsbolzzyajyegqyisfaljygrwyhvsamoaieakkcwutbpafhieoabcyjnrijeammbsd           ,08-OCT-22
   75,         3106,afmzcakeozb                                                                                         ,06-FEB-23
   76,         6196,uzwcsroelwpynwghbgmveqbmgnjpeqgyajptjricxqdawihllbvfdjjbmfrwhudlgerwnojywpvayjysoeuhzqamp           ,17-NOV-22
   77,         6133,lmoduuwjxrkirqfcshtbkmdgkeyvlhnzbxcrkskwaiafvajrxuozttxwqmzgcjjypmzc                                ,12-DEC-22
   78,         1266,spuhfmnyiymvfblwrkbynctuquzieqiknovfghwepyumevfqanxpljsjkupjdwivniamjhbgiwksxzkqixypzbuxjlojdf      ,08-AUG-22
   79,         2710,vynchwikiiijdasrnzdxcswtpwnmbjqrjg                                                                  ,03-AUG-23
   80,         4894,zsggxjeupayonahszakvboigzbsohqlakyt                                                                 ,25-JUN-23
   81,         9535,xhxsdjnutjqbehop                                                                                    ,23-FEB-23
   82,         6881,yufzpuazskzcfaxsneojbqpcwvwfzyewocmrrhwkojqzthjpjwxqeowuqcfptevgnmuwiudbnfjvy                       ,01-AUG-23
   83,         3322,suwdnareergklsrbvkwbcnqxbhmcoo                                                                      ,18-AUG-22
   84,         3621,btgemlrdbhumudjqfxamictbigbosnbszrqectymewohtgsmkcawdcyjziseyswazkrxwhcktoucjmosjclvpzcz            ,10-AUG-22
   85,          409,bmuneggeqnvwdrvzmomcikdaosyaztbyicpoavzswhk                                                         ,19-JUN-23
   86,         1877,kielfilnkpetndahcyqlkdmurjwwzjinjsdeilglnmwdsacbrnsvanrbsbiestbthhywohtqlmocepwjwpszxapbtlj         ,21-AUG-22
   87,         4473,fvuuzhhwsdahyecnloqaeptqvbshxtozlghnj                                                               ,22-JAN-23
   88,         5417,mwwrezoaqkmnqyyawncwawvdjhuiqocylmriphrlmfunsnzitjkkigrwerz                                         ,29-MAY-23
   89,         1446,zbxdvfgqmjswkskuldrftzuuuqerddyqnjiqtydmrlgudsbdzvwsuiktsbvyiegzsb                                  ,03-FEB-23
   90,         6762,nhdpxawrwyumajxlikflepbdklkntyvgihptxplfioecewunrfefbfvysncryryffjgyzj                              ,06-APR-23
   91,         3317,jojlwrbrosvdqeburlwhkkoykaeflfqpsonbmakbvmcicgabrugtbfxuonriwrgghifcelwnxypmrozbukznknjgbejisqid    ,29-MAY-23
   92,         8878,hswoosvgstwvjxqvhfqnjnplwceqshaujloqngffejfqzvf                                                     ,18-MAR-23
   93,         8665,vmiywevbfhavacflmwdvblovdjivbtjada                                                                  ,21-OCT-22
   94,         8514,emuxnbghjvrndqgblczwqtxyecjhfsagrfjkfbjvknqmzbcfmzzryuxjpdfttgobabxjsqwwppjquaercjzdmyqhipezixxko   ,28-FEB-23
   95,         1770,rzccpjhtucarmexgeejjqcibntgdefimagtssgxhaqzvtbfmcgueqetftjfuopgvjukelunev                           ,04-DEC-22
   96,         7668,donqabhvkbsupzmhwdcjljzfwtrxoyntthvtknpyryp                                                         ,21-JUL-23
   97,         7882,miyqohrepzifoozvodjooznbgncsiffmnujfegcdtbmjijjecaneyhxsvaiwmxqctrlsucyiewywjwfiopwgmde             ,14-DEC-22
   98,         1403,crdtfmsycdmimhwlahddbkpecybulnjnkyvevxuaavesqkaxopgftjwfpeoqaclnchmhfqm                             ,26-AUG-22
   99,         8345,vrupbrohaexfsadjuwagncdravbmyrycwozxwem                                                             ,03-MAR-23
  100,         6055,hengrhdfxzegzvmwcajnkxsxdpeqyquhlbiuydaymcyxyjkcxgrxmowkuswqxynibmbxznuocilihdaavwnlfrsftflwcog     ,13-FEB-23
